{"count":1,"self":358.01664,"total":1533.3998806,"children":{"InitializeActuators":{"count":29,"self":0.0030141,"total":0.0030141,"children":null},"InitializeSensors":{"count":29,"self":0.0019944999999999997,"total":0.0019944999999999997,"children":null},"AgentSendState":{"count":75001,"self":14.408726399999999,"total":74.5855892,"children":{"CollectObservations":{"count":441046,"self":31.818771199999997,"total":32.0059317,"children":{"AgentInfo.ToProto":{"count":7572,"self":0.083673799999999993,"total":0.1871617,"children":{"GenerateSensorData":{"count":7572,"self":0.1034879,"total":0.1034879,"children":null}}}}},"CollectDiscreteActionMasks":{"count":441046,"self":1.4751328,"total":1.4751328,"children":null},"RequestDecision":{"count":441046,"self":8.38172,"total":26.695798,"children":{"AgentInfo.ToProto":{"count":441046,"self":4.2888199999999994,"total":18.314078,"children":{"GenerateSensorData":{"count":441046,"self":14.0252576,"total":14.025258,"children":null}}}}}}},"DecideAction":{"count":75001,"self":1078.1623296,"total":1078.1623607,"children":null},"AgentAct":{"count":75001,"self":22.622296,"total":22.6282809,"children":{"AgentInfo.ToProto":{"count":45,"self":0.0009979,"total":0.0059856,"children":{"GenerateSensorData":{"count":45,"self":0.0049876999999999994,"total":0.0049876999999999994,"children":null}}}}}},"gauges":{"Car.CumulativeReward":{"count":7617,"max":166.8051,"min":-636.9537,"runningAverage":7.91000128,"value":30.673624,"weightedAverage":49.2783051}},"metadata":{"timer_format_version":"0.1.0","start_time_seconds":"1601293467","unity_version":"2019.3.6f1","command_line_arguments":"D:\\Program Files\\Unity\\2019.3.6f1\\Editor\\Unity.exe -projectpath D:\/Ezeuz\/Workbench\/Unity\/Prototypes\/Car-Physics -useHub -hubIPC -cloudEnvironment production -hubSessionId f17da990-0109-11eb-9100-db751bcce8e7 -accessToken COYAjVxmySPSTf3NDrbQAogStlWl9SWWIjpL7wa1D4w011f","communication_protocol_version":"1.1.0","com.unity.ml-agents_version":"1.4.0-preview","scene_name":"Race","end_time_seconds":"1601295000"}}