{
    "name": "root",
    "metadata": {
        "timer_format_version": "0.1.0",
        "start_time_seconds": "1600866214",
        "python_version": "3.7.9 (default, Aug 31 2020, 17:10:11) [MSC v.1916 64 bit (AMD64)]",
        "command_line_arguments": "D:\\PF~4\\Python\\AN~3\\envs\\py37\\Scripts\\mlagents-learn config/Car.yaml",
        "mlagents_version": "0.20.0",
        "mlagents_envs_version": "0.20.0",
        "communication_protocol_version": "1.1.0",
        "tensorflow_version": "2.3.0",
        "numpy_version": "1.18.5",
        "end_time_seconds": "1600866266"
    },
    "total": 51.478742999999994,
    "count": 1,
    "self": 0.011265799999996773,
    "children": {
        "run_training.setup": {
            "total": 0.01667240000000003,
            "count": 1,
            "self": 0.01667240000000003
        },
        "TrainerController.start_learning": {
            "total": 51.4508048,
            "count": 1,
            "self": 0.002996199999998339,
            "children": {
                "TrainerController._reset_env": {
                    "total": 23.8210859,
                    "count": 1,
                    "self": 23.8210859
                },
                "TrainerController.advance": {
                    "total": 26.846698500000002,
                    "count": 1,
                    "self": 1.5000000001208491e-05,
                    "children": {
                        "env_step": {
                            "total": 26.8466835,
                            "count": 1,
                            "self": 26.8466719,
                            "children": {
                                "SubprocessEnvManager._take_step": {
                                    "total": 1.160000000055561e-05,
                                    "count": 1,
                                    "self": 1.160000000055561e-05
                                }
                            }
                        }
                    }
                },
                "trainer_threads": {
                    "total": 2.2999999998774e-05,
                    "count": 1,
                    "self": 2.2999999998774e-05,
                    "children": {
                        "thread_root": {
                            "total": 0.0,
                            "count": 0,
                            "is_parallel": true,
                            "self": 0.0,
                            "children": {
                                "trainer_advance": {
                                    "total": 26.52180020000052,
                                    "count": 13464,
                                    "is_parallel": true,
                                    "self": 0.5813092000007067,
                                    "children": {
                                        "process_trajectory": {
                                            "total": 25.940490999999813,
                                            "count": 13464,
                                            "is_parallel": true,
                                            "self": 25.940490999999813
                                        }
                                    }
                                }
                            }
                        }
                    }
                },
                "TrainerController._save_models": {
                    "total": 0.780001200000001,
                    "count": 1,
                    "self": 0.009895499999998947,
                    "children": {
                        "RLTrainer._checkpoint": {
                            "total": 0.770105700000002,
                            "count": 1,
                            "self": 0.770105700000002
                        }
                    }
                }
            }
        }
    }
}